{
  "token_acc":1.0,
  "token_p":1.0,
  "token_r":1.0,
  "token_f":1.0,
  "tag_acc":null,
  "pos_acc":null,
  "morph_acc":null,
  "morph_per_feat":null,
  "sents_p":null,
  "sents_r":null,
  "sents_f":null,
  "dep_uas":null,
  "dep_las":null,
  "dep_las_per_type":null,
  "lemma_acc":null,
  "ents_p":0.4654300169,
  "ents_r":0.4670050761,
  "ents_f":0.4662162162,
  "ents_per_type":{
    "PER":{
      "p":0.574829932,
      "r":0.4617486339,
      "f":0.5121212121
    },
    "LOC":{
      "p":0.4393305439,
      "r":0.564516129,
      "f":0.4941176471
    },
    "GPE":{
      "p":0.0,
      "r":0.0,
      "f":0.0
    },
    "ORG":{
      "p":0.1333333333,
      "r":0.0526315789,
      "f":0.0754716981
    },
    "MISC":{
      "p":0.0,
      "r":0.0,
      "f":0.0
    }
  },
  "speed":11390.3098514805
}