{
  "token_acc":1.0,
  "token_p":1.0,
  "token_r":1.0,
  "token_f":1.0,
  "ents_p":0.7945205479,
  "ents_r":0.7851099831,
  "ents_f":0.789787234,
  "ents_per_type":{
    "PER":{
      "p":0.829015544,
      "r":0.8743169399,
      "f":0.8510638298
    },
    "LOC":{
      "p":0.7183908046,
      "r":0.6720430108,
      "f":0.6944444444
    },
    "GPE":{
      "p":0.0,
      "r":0.0,
      "f":0.0
    },
    "ORG":{
      "p":0.7916666667,
      "r":0.5,
      "f":0.6129032258
    }
  },
  "speed":26535.3881996295
}