{
  "token_acc":1.0,
  "token_p":1.0,
  "token_r":1.0,
  "token_f":1.0,
  "tag_acc":null,
  "pos_acc":null,
  "morph_acc":null,
  "morph_per_feat":null,
  "sents_p":1.0,
  "sents_r":1.0,
  "sents_f":1.0,
  "dep_uas":null,
  "dep_las":null,
  "dep_las_per_type":null,
  "lemma_acc":null,
  "ents_p":0.0929006085,
  "ents_r":0.3531225906,
  "ents_f":0.1471013329,
  "ents_per_type":{
    "DATE":{
      "p":0.0,
      "r":0.0,
      "f":0.0
    },
    "PER":{
      "p":0.0231684408,
      "r":0.2102272727,
      "f":0.0417371686
    },
    "LOC":{
      "p":0.291349481,
      "r":0.4982248521,
      "f":0.3676855895
    },
    "ORG":{
      "p":0.0,
      "r":0.0,
      "f":0.0
    },
    "TIME":{
      "p":0.0,
      "r":0.0,
      "f":0.0
    },
    "MISC":{
      "p":0.0,
      "r":0.0,
      "f":0.0
    }
  },
  "speed":11612.6307944309
}