{
  "token_acc":1.0,
  "token_p":1.0,
  "token_r":1.0,
  "token_f":1.0,
  "tag_acc":null,
  "pos_acc":null,
  "morph_acc":null,
  "morph_per_feat":null,
  "sents_p":null,
  "sents_r":null,
  "sents_f":null,
  "dep_uas":null,
  "dep_las":null,
  "dep_las_per_type":null,
  "lemma_acc":null,
  "ents_p":0.1817065684,
  "ents_r":0.343387471,
  "ents_f":0.23765556,
  "ents_per_type":{
    "LOC":{
      "p":0.3222390318,
      "r":0.4364754098,
      "f":0.3707571802
    },
    "PER":{
      "p":0.1466905188,
      "r":0.247734139,
      "f":0.1842696629
    },
    "ORG":{
      "p":0.0065359477,
      "r":0.023255814,
      "f":0.0102040816
    },
    "MISC":{
      "p":0.0,
      "r":0.0,
      "f":0.0
    }
  },
  "speed":12824.7149064571
}