{
  "token_acc":1.0,
  "token_p":1.0,
  "token_r":1.0,
  "token_f":1.0,
  "ents_p":0.8124207858,
  "ents_r":0.7436194896,
  "ents_f":0.7764990915,
  "ents_per_type":{
    "LOC":{
      "p":0.8280922432,
      "r":0.8094262295,
      "f":0.8186528497
    },
    "PER":{
      "p":0.8185185185,
      "r":0.667673716,
      "f":0.7354409318
    },
    "ORG":{
      "p":0.5952380952,
      "r":0.5813953488,
      "f":0.5882352941
    }
  },
  "speed":34569.7613911419
}