{
  "token_acc":1.0,
  "token_p":1.0,
  "token_r":1.0,
  "token_f":1.0,
  "ents_p":0.8630136986,
  "ents_r":0.8743253662,
  "ents_f":0.8686327078,
  "ents_per_type":{
    "DATE":{
      "p":0.8961748634,
      "r":0.8039215686,
      "f":0.8475452196
    },
    "TIME":{
      "p":0.6666666667,
      "r":0.7222222222,
      "f":0.6933333333
    },
    "PER":{
      "p":0.7239583333,
      "r":0.7897727273,
      "f":0.7554347826
    },
    "LOC":{
      "p":0.9047619048,
      "r":0.9218934911,
      "f":0.9132473623
    }
  },
  "speed":28894.3517560376
}